,dataset_name,cls_encoding,classifier,AUC,#event columns,#case columns,#control columns,total cols,pars. event,pars. case,pars. control,total pars cols,perc_pars_event,perc_pars_case,perc_pars_control,perc_event_total,perc_case_total,perc_control_total,perc_pars_total,FC event,FC_case,FC control,monotonicity,"shap (event, case, control)","feature importance (event, case, control)"
0,bpic2011_f1,agg,LR,0.966006483071619,136,730,175,1041,10.0,100.99999999999999,18.0,129.0,7.352941176470588,13.835616438356162,10.285714285714286,7.751937984496124,78.29457364341084,13.953488372093023,12.39193083573487,0.5094243504839532,0.0,0.0,1,/,/
1,bpic2011_f1,index,LR,0.9442829873051635,2248,730,2368,5346,91.0,129.0,52.0,272.0,4.048042704626335,17.671232876712327,2.195945945945946,33.455882352941174,47.4264705882353,19.11764705882353,5.08791619902731,44.5406690439803,19.27322125997623,17.660044150110377,1,/,/
2,bpic2011_f1,agg,LLM,0.9638261160330224,136,730,175,1041,38.0,205.75,51.75,295.5,27.941176470588236,28.184931506849313,29.571428571428573,12.859560067681896,69.62774957698815,17.512690355329948,28.386167146974064,0.4924435388011547,0.45848191543555783,99.54151808456444,1,/,/
3,bpic2011_f1,index,LLM,0.9479225556074465,2248,730,2368,5346,771.3333333333333,279.6666666666667,812.0,1863.0,34.311832740213525,38.31050228310502,34.29054054054054,41.40275541241724,15.011629987475398,43.585614600107355,34.84848484848485,23.161827135337067,26.20139242655799,75.93818984547461,1,/,/
4,bpic2011_f1,agg,GLRM,0.9198017860795062,136,730,175,1041,3.0,4.0,1.0,8.0,2.2058823529411766,0.547945205479452,0.5714285714285714,37.5,50.0,12.5,0.7684918347742555,40.601120733571065,11.394124639157752,64.54406520631686,1,/,/
5,bpic2011_f1,index,GLRM,0.811562397535329,2248,730,2368,5346,0.0,2.0,1.0,3.0,0.0,0.273972602739726,0.04222972972972973,0.0,66.66666666666667,33.333333333333336,0.05611672278338945,0.0,11.784683307862116,75.95517065715741,1,/,/
6,bpic2011_f1,agg,XGB,0.9557036096781838,136,730,175,1041,80.0,67.0,68.0,215.0,58.8235294117647,9.178082191780822,38.857142857142854,37.2093023255814,31.162790697674417,31.627906976744185,20.653218059558117,34.52199015112922,16.811003565970452,50.433010697911364,0.7766258118741853,"('4', '3', '3')","('1', '7', '2')"
7,bpic2011_f1,index,XGB,0.9231115543742763,2248,730,2368,5346,318.0,56.0,100.0,474.0,14.145907473309608,7.671232876712328,4.222972972972973,67.0886075949367,11.814345991561181,21.09704641350211,8.866442199775532,42.384105960264904,22.754287654949906,43.301069791136015,0.6813773674846576,"('3', '6', '1')","('1', '6', '3')"
8,bpic2011_f1,agg,RF,0.9309371885479804,136,730,175,1041,126.0,730.0,175.0,1031.0,92.6470588235294,100.0,100.0,12.221144519883609,70.80504364694471,16.973811833171677,99.03938520653217,40.414331805060286,26.93156732891832,52.963151638648334,0.15320919614520753,"('2', '4', '4')","('0', '8', '2')"
9,bpic2011_f1,index,RF,0.8941983720668147,2248,730,2368,5346,1839.0,730.0,1779.0,4348.0,81.80604982206405,100.0,75.1266891891892,42.2953081876725,16.789328426862927,40.91536338546458,81.33183688739244,26.54100866021396,39.39548310409238,34.52199015112922,0.1006974253465533,"('5', '4', '1')","('2', '6', '2')"
10,bpic2011_f1,embeddings,LSTM,0.7586865113246215,13,6,1,20,13.0,6.0,1.0,20.0,100.0,100.0,100.0,65.0,30.0,5.0,100.0,5.118685529349367,5.118685529349367,5.118685529349367,0.3470523293494092,/,/
11,bpic2011_f1,embeddings,CNN,0.8310579896124304,13,6,1,20,13.0,6.0,1.0,20.0,100.0,100.0,100.0,65.0,30.0,5.0,100.0,2.8045071276261813,2.9430547587864093,2.9538787924708023,0.39445067988555543,/,/
12,bpic2011_f2,agg,LR,0.9881112237104576,146,760,215,1121,7.0,118.00000000000001,9.0,134.0,4.794520547945205,15.526315789473687,4.186046511627907,5.223880597014926,88.05970149253733,6.7164179104477615,11.953612845673506,3.2206759443339963,0.38436050364479785,0.5434062292909212,1,/,/
13,bpic2011_f2,index,LR,0.9641142704155331,2660,760,3139,6559,39.0,148.0,56.99999999999999,244.0,1.4661654135338347,19.473684210526315,1.815864925135393,15.98360655737705,60.65573770491803,23.360655737704914,3.720079280378106,3.6713055003313455,0.6626905235255135,0.6494367130550034,1,/,/
14,bpic2011_f2,agg,LLM,0.972269157833317,146,760,215,1121,126.5,542.5,192.5,861.5,86.64383561643835,71.38157894736842,89.53488372093024,14.683691236215903,62.97156123041207,22.344747533372026,76.85102586975914,44.86414844267727,0.35785288270377735,9.065606361829026,1,/,/
15,bpic2011_f2,index,LLM,0.9415619522394291,2660,760,3139,6559,7.5,28.75,9.0,45.25,0.2819548872180451,3.7828947368421053,0.2867155144950621,16.574585635359117,63.53591160220994,19.88950276243094,0.6898917517914316,40.78197481776011,77.7998674618953,19.642147117296222,1,/,/
16,bpic2011_f2,agg,GLRM,0.9753305760988418,146,760,215,1121,2.0,5.0,1.0,8.0,1.36986301369863,0.6578947368421053,0.46511627906976744,25.0,62.5,12.5,0.7136485280999108,31.888667992047715,46.5871438038436,40.742213386348574,1,/,/
17,bpic2011_f2,index,GLRM,0.8834672369504012,2660,760,3139,6559,2.0,4.0,2.0,8.0,0.07518796992481203,0.5263157894736842,0.06371455877668047,25.0,50.0,25.0,0.12196981247141332,24.758117958913186,68.04506295559973,71.01391650099403,1,/,/
18,bpic2011_f2,agg,XGB,0.9798511944293565,146,760,215,1121,79.00000000000001,65.0,73.0,217.0,54.10958904109589,8.552631578947368,33.95348837209303,36.40552995391706,29.953917050691246,33.64055299539171,19.35771632471008,41.43141153081511,13.929754804506295,23.605036447978794,0.7450277469315664,"('3', '5', '2')","('1', '7', '2')"
19,bpic2011_f2,index,XGB,0.902794586969258,2660,760,3139,6559,308.0,79.0,110.0,497.0,11.578947368421053,10.394736842105264,3.504300732717426,61.971830985915496,15.895372233400403,22.132796780684103,7.577374599786553,21.577203445990722,19.45659377070908,14.10205434062293,0.6750605719689119,"('3', '6', '1')","('1', '7', '2')"
20,bpic2011_f2,agg,RF,0.9849383261622902,146,760,215,1121,134.0,760.0,207.0,1101.0,91.78082191780823,100.0,96.27906976744185,12.170753860127157,69.02815622161671,18.80108991825613,98.21587867975022,27.541418157720344,28.11133200795229,25.32803180914513,0.04654529478467626,"('3', '3', '4')","('0', '10', '0')"
21,bpic2011_f2,index,RF,0.9389235845095979,2660,760,3139,6559,2061.0,760.0,1974.0,4795.0,77.4812030075188,100.0,62.886269512583624,42.9822732012513,15.849843587069865,41.167883211678834,73.10565635005337,15.904572564612327,12.339297548045062,46.666666666666664,0.05801798477447845,"('4', '5', '1')","('1', '9', '0')"
22,bpic2011_f2,embeddings,LSTM,0.8668329565966086,13,6,1,20,13.0,6.0,1.0,20.0,100.0,100.0,100.0,65.0,30.0,5.0,100.0,1.5118922403555797,1.5118922403555797,1.5118922403555797,0.6386726894277323,/,/
23,bpic2011_f2,embeddings,CNN,0.7716896138073022,13,6,1,20,13.0,6.0,1.0,20.0,100.0,100.0,100.0,65.0,30.0,5.0,100.0,2.8568520340650765,3.949377396260985,3.949377396260985,0.5029045328072458,/,/
24,bpic2011_f3,agg,LR,0.9872061916037298,132,670,166,968,2.0,97.0,12.0,111.0,1.5151515151515151,14.477611940298507,7.228915662650603,1.8018018018018018,87.38738738738739,10.81081081081081,11.46694214876033,0.0,1.2469337694194604,0.0,1,/,/
25,bpic2011_f3,index,LR,0.9721209440047236,1871,670,1980,4521,509.0,511.00000000000006,577.0,1597.0,27.204703367183324,76.26865671641792,29.141414141414142,31.87226048841578,31.997495303694432,36.130244207889795,35.324043353240434,0.0,0.0,0.0,1,/,/
26,bpic2011_f3,agg,LLM,0.9723951255564605,132,670,166,968,112.5,481.0,148.0,741.5,85.22727272727273,71.7910447761194,89.1566265060241,15.171948752528658,64.86850977747808,19.95954146999326,76.60123966942149,61.81520850367947,1.1856091578086672,20.216680294358135,1,/,/
27,bpic2011_f3,index,LLM,0.9670747151079477,1871,670,1980,4521,0.0,21.0,7.0,28.0,0.0,3.1343283582089554,0.35353535353535354,0.0,75.0,25.0,0.6193320061933201,28.679476696647587,11.24284546197874,60.89533932951758,1,/,/
28,bpic2011_f3,agg,GLRM,0.9798106387159957,132,670,166,968,0.0,4.0,3.0,7.0,0.0,0.5970149253731343,1.8072289156626506,0.0,57.142857142857146,42.857142857142854,0.7231404958677686,1.5331152902698284,66.16925592804579,35.99754701553557,1,/,/
29,bpic2011_f3,index,GLRM,0.9732732867871893,1871,670,1980,4521,1.9999999999999998,5.0,2.0,9.0,0.10636023516835917,0.746268656716418,0.10101010101010101,22.222222222222218,55.55555555555556,22.22222222222222,0.19907100199071,15.842191332788225,61.99918233851186,11.917416189697464,1,/,/
30,bpic2011_f3,agg,XGB,0.988525021198716,132,670,166,968,72.0,39.0,48.0,159.0,54.54545454545455,5.82089552238806,28.91566265060241,45.283018867924525,24.528301886792452,30.18867924528302,16.425619834710744,23.078495502861816,9.771054783319705,31.439084219133278,0.815245926500542,"('1', '6', '3')","('1', '7', '2')"
31,bpic2011_f3,index,XGB,0.9769943350934059,1871,670,1980,4521,269.0,43.0,88.0,400.0,14.377338321753074,6.417910447761194,4.444444444444445,67.25,10.75,22.0,8.847600088476002,24.345870809484875,21.954210956663943,10.016353229762878,0.723445510891683,"('4', '6', '0')","('2', '8', '0')"
32,bpic2011_f3,agg,RF,0.988749937170508,132,670,166,968,120.0,670.0,161.0,951.0,90.9090909090909,100.0,96.98795180722891,12.618296529968454,70.4521556256572,16.929547844374344,98.24380165289256,16.966475878986103,31.112019623875714,31.19378577269011,0.12515232223259906,"('1', '5', '4')","('1', '9', '0')"
33,bpic2011_f3,index,RF,0.967785935883615,1871,670,1980,4521,1419.0,670.0,1346.0,3435.0,75.84179583110637,100.0,67.97979797979798,41.31004366812227,19.50509461426492,39.18486171761281,75.97876575978766,18.397383483237938,20.237121831561733,9.341782502044154,0.08913770810173245,"('4', '5', '1')","('3', '4', '3')"
34,bpic2011_f3,embeddings,LSTM,0.8062169714207014,13,6,1,20,13.0,6.0,1.0,20.0,100.0,100.0,100.0,65.0,30.0,5.0,100.0,0.8065943140261884,2.4802406511737645,2.484664385985608,0.8009517878735208,/,/
35,bpic2011_f3,embeddings,CNN,0.910890723499972,13,6,1,20,13.0,6.0,1.0,20.0,100.0,100.0,100.0,65.0,30.0,5.0,100.0,2.8533089536392593,3.2588179780582753,3.257343399787661,0.7704240366807488,/,/
36,bpic2011_f4,agg,LR,0.877720341447261,143,759,204,1106,46.0,600.0,85.0,731.0,32.16783216783217,79.05138339920948,41.666666666666664,6.292749658002736,82.07934336525308,11.627906976744185,66.09403254972875,79.98932051795488,0.2002402883460152,0.06674676278200507,1,/,/
37,bpic2011_f4,index,LR,0.8698162522608218,2647,759,3064,6470,41.0,155.0,47.99999999999999,244.0,1.5489233094068757,20.421607378129117,1.5665796344647516,16.80327868852459,63.52459016393443,19.67213114754098,3.7712519319938176,0.92110532639167,0.45387798691763453,0.0,1,/,/
38,bpic2011_f4,agg,LLM,0.8838418300239995,143,759,204,1106,119.0,397.5,166.0,682.5,83.21678321678321,52.37154150197628,81.37254901960785,17.435897435897434,58.24175824175824,24.32234432234432,61.70886075949367,53.637698571619275,46.58924042183954,0.1735415832332132,1,/,/
39,bpic2011_f4,index,LLM,0.8724147387611763,2647,759,3064,6470,672.9999999999999,233.50000000000003,774.5,1681.0,25.4246316584813,30.76416337285903,25.277415143603132,40.03569303985722,13.890541344437837,46.073765615704936,25.98145285935085,2.8834601521826193,78.37404885863035,0.42717928180483244,1,/,/
40,bpic2011_f4,agg,GLRM,0.7918676345673046,143,759,204,1106,0.0,6.0,0.0,6.0,0.0,0.7905138339920948,0.0,0.0,100.0,0.0,0.5424954792043399,0.0,60.832999599519425,4.992657856093979,1,/,/
41,bpic2011_f4,index,GLRM,0.7834385436592547,2647,759,3064,6470,0.0,5.0,1.0,6.0,0.0,0.6587615283267457,0.03263707571801567,0.0,83.33333333333333,16.666666666666668,0.09273570324574962,32.17193966092645,58.670404485382456,7.675877719930583,1,/,/
42,bpic2011_f4,agg,XGB,0.8511613676616979,143,759,204,1106,69.0,152.0,52.0,273.0,48.25174825174825,20.02635046113307,25.49019607843137,25.274725274725274,55.67765567765568,19.047619047619047,24.68354430379747,54.25176878921373,9.304498731811508,7.195301027900147,0.3317116488714934,"('2', '8', '0')","('1', '9', '0')"
43,bpic2011_f4,index,XGB,0.8361633484085805,2647,759,3064,6470,189.0,148.0,56.0,393.0,7.140158670192671,19.499341238471672,1.8276762402088773,48.091603053435115,37.659033078880405,14.249363867684478,6.0741885625966,44.052863436123346,15.845681484448004,8.436790815645441,0.28140915352494666,"('3', '7', '0')","('2', '8', '0')"
44,bpic2011_f4,agg,RF,0.8904474097027821,143,759,204,1106,127.0,759.0,201.0,1087.0,88.81118881118881,100.0,98.52941176470588,11.683532658693652,69.82520699172034,18.491260349586017,98.28209764918626,60.07208650380457,46.69603524229075,34.46802830062742,0.13128677577697606,"('0', '9', '1')","('0', '10', '0')"
45,bpic2011_f4,index,RF,0.7752561334074186,2647,759,3064,6470,2181.0,759.0,2077.0,5017.0,82.39516433698526,100.0,67.78720626631853,43.472194538568864,15.128562886186964,41.39924257524417,77.54250386398763,42.71792818048324,40.27499666266186,36.64397276732079,0.06883159767813932,"('5', '5', '0')","('0', '10', '0')"
46,bpic2011_f4,embeddings,LSTM,0.874295553491691,13,6,1,20,13.0,6.0,1.0,20.0,100.0,100.0,100.0,65.0,30.0,5.0,100.0,3.107164197556302,3.107164197556302,3.107164197556302,0.9061921933012352,/,/
47,bpic2011_f4,embeddings,CNN,0.8554490010292439,13,6,1,20,13.0,6.0,1.0,20.0,100.0,100.0,100.0,65.0,30.0,5.0,100.0,1.8186938097102316,1.8186938097102316,1.8186938097102316,0.7543567992108687,/,/
48,bpic2015_1_f2,agg,LR,0.9085990929808617,88,35,266,389,5.0,6.0,11.0,22.0,5.681818181818182,17.142857142857142,4.135338345864661,22.727272727272727,27.272727272727273,50.0,5.655526992287918,0.12305168170631665,29.983593109105826,0.3691550451189499,1,/,/
49,bpic2015_1_f2,index,LR,0.8878266826920467,1733,35,2448,4216,572.0,32.0,936.9999999999999,1541.0,33.00634737449509,91.42857142857143,38.276143790849666,37.11875405580792,2.0765736534717716,60.804672290720305,36.55123339658444,25.902378999179653,27.27645611156686,1.251025430680886,1,/,/
50,bpic2015_1_f2,agg,LLM,0.9133902038893033,88,35,266,389,31.666666666666664,13.666666666666668,95.33333333333334,140.66666666666669,35.97727272727273,39.04761904761905,35.83959899749374,22.511848341232223,9.71563981042654,67.77251184834122,36.161096829477295,14.068908941755536,22.662018047579984,55.00410172272354,1,/,/
51,bpic2015_1_f2,index,LLM,0.7433917564837101,1733,35,2448,4216,1394.0,25.5,1505.0,2924.5,80.43854587420658,72.85714285714286,61.47875816993464,47.666267738074886,0.8719439220379552,51.46178833988716,69.36669829222011,77.05086136177195,19.15504511894996,0.5127153404429861,1,/,/
52,bpic2015_1_f2,agg,GLRM,0.8923447324163255,88,35,266,389,1.0,1.0,5.0,7.0,1.1363636363636365,2.857142857142857,1.8796992481203008,14.285714285714286,14.285714285714286,71.42857142857143,1.7994858611825193,0.0,26.41509433962264,94.81132075471697,1,/,/
53,bpic2015_1_f2,index,GLRM,0.4645416752167933,1733,35,2448,4216,1.9999999999999998,0.0,6.0,8.0,0.11482977495672245,0.0,0.24509803921568626,24.999999999999996,0.0,75.0,0.18975332068311196,13.330598851517639,53.87612797374898,0.0,1,/,/
54,bpic2015_1_f2,agg,XGB,0.9138901827175614,88,35,266,389,64.0,20.0,55.0,139.0,72.72727272727273,57.142857142857146,20.67669172932331,46.0431654676259,14.388489208633093,39.568345323741006,35.732647814910024,16.16078753076292,4.573420836751436,92.12469237079574,0.8654053325283008,"('3', '3', '4')","('2', '4', '4')"
55,bpic2015_1_f2,index,XGB,0.7444749896584184,1733,35,2448,4216,347.0,18.0,114.0,479.0,20.023081361800347,51.42857142857143,4.6568627450980395,72.44258872651356,3.757828810020877,23.799582463465555,11.361480075901328,41.85808039376538,18.76538146021329,31.91140278917145,0.7704777616480366,"('6', '3', '1')","('2', '4', '4')"
56,bpic2015_1_f2,agg,RF,0.9253343235194167,88,35,266,389,86.0,34.0,223.0,343.0,97.72727272727273,97.14285714285714,83.83458646616542,25.072886297376094,9.912536443148689,65.01457725947522,88.17480719794345,6.829368334700574,2.317473338802297,90.07383100902379,0.3574060319700793,"('2', '1', '7')","('3', '4', '3')"
57,bpic2015_1_f2,index,RF,0.7100014223067644,1733,35,2448,4216,1416.0,34.0,1544.0,2994.0,81.70802077322563,97.14285714285714,63.071895424836605,47.294589178356716,1.1356045424181698,51.56980627922512,71.01518026565465,6.398687448728466,75.28712059064807,75.28712059064807,0.14698951526976195,"('5', '1', '4')","('5', '5', '0')"
58,bpic2015_1_f2,embeddings,LSTM,0.8840180491814137,11,17,1,29,11.0,1.0,1.0,13.0,100.0,5.882352941176471,100.0,84.61538461538461,7.6923076923076925,7.6923076923076925,44.827586206896555,1.044294701881008,0.9793589456988044,1.0570689489988183,0.37559029521697346,/,/
59,bpic2015_1_f2,embeddings,CNN,0.9161975768669948,11,17,1,29,11.0,1.0,1.0,13.0,100.0,5.882352941176471,100.0,84.61538461538461,7.6923076923076925,7.6923076923076925,44.827586206896555,1.186940461363225,1.1156175816221165,1.1731016936522638,-0.3746901080630303,/,/
60,bpic2015_2_f2,agg,LR,0.9515401359262488,68,23,300,391,48.0,22.0,149.0,219.0,70.58823529411765,95.65217391304348,49.666666666666664,21.91780821917808,10.045662100456621,68.03652968036529,56.010230179028135,0.017274140611504576,0.2245638279495595,0.017274140611504576,1,/,/
61,bpic2015_2_f2,index,LR,0.8957865628601641,1144,23,2933,4100,61.0,7.0,93.99999999999999,162.0,5.3321678321678325,30.434782608695652,3.204909648823729,37.65432098765432,4.320987654320987,58.02469135802468,3.951219512195122,0.0,0.0,1.9001554672655037,1,/,/
62,bpic2015_2_f2,agg,LLM,0.9271841261788321,68,23,300,391,26.333333333333336,11.333333333333334,104.66666666666666,142.33333333333331,38.720588235294116,49.275362318840585,34.888888888888886,18.501170960187356,7.962529274004686,73.53629976580797,36.40238704177323,0.0,0.0,94.99049922266367,1,/,/
63,bpic2015_2_f2,index,LLM,0.9016215732683275,1144,23,2933,4100,399.00000000000006,12.999999999999998,1002.3333333333333,1414.3333333333333,34.87762237762238,56.521739130434774,34.174337992953745,28.211171341032294,0.919160971011077,70.86966768795664,34.49593495934959,77.30177923648299,96.5624460183106,0.5873207807911557,1,/,/
64,bpic2015_2_f2,agg,GLRM,0.8724300997947753,68,23,300,391,1.0,0.0,6.0,7.0,1.4705882352941178,0.0,2.0,14.285714285714286,0.0,85.71428571428571,1.7902813299232736,88.3054068060114,84.28053204353083,93.69493867680083,1,/,/
65,bpic2015_2_f2,index,GLRM,0.6882071209382341,1144,23,2933,4100,3.0,1.0,6.0,10.0,0.26223776223776224,4.3478260869565215,0.20456870098874871,30.0,10.0,60.0,0.24390243902439024,0.3973052340646053,96.16514078424598,96.5624460183106,1,/,/
66,bpic2015_2_f2,agg,XGB,0.9490643888698986,68,23,300,391,55.0,19.0,60.0,134.0,80.88235294117646,82.6086956521739,20.0,41.04477611940298,14.17910447761194,44.776119402985074,34.271099744245525,26.757643807220592,6.892382103990327,94.81775781654864,0.8830443951334837,"('5', '2', '3')","('4', '3', '3')"
67,bpic2015_2_f2,index,XGB,0.8287069547792636,1144,23,2933,4100,348.0,17.0,110.0,475.0,30.41958041958042,73.91304347826087,3.7504261847937266,73.26315789473684,3.5789473684210527,23.157894736842106,11.585365853658537,54.60355847296597,4.750388668163759,9.224391086543445,0.7126476275695982,"('8', '2', '0')","('3', '4', '3')"
68,bpic2015_2_f2,agg,RF,0.9399744776363854,68,23,300,391,66.0,23.0,253.0,342.0,97.05882352941177,100.0,84.33333333333333,19.29824561403509,6.7251461988304095,73.9766081871345,87.46803069053709,24.702021074451547,21.834513732941787,88.54724477457246,0.4335775580231032,"('2', '3', '5')","('2', '6', '2')"
69,bpic2015_2_f2,index,RF,0.8794891551561785,1144,23,2933,4100,1004.0,23.0,1711.0,2738.0,87.76223776223776,100.0,58.33617456529151,36.6691015339664,0.8400292184075968,62.490869247626,66.78048780487805,6.115045776472621,9.483503195716013,90.51649680428399,0.1611434325402794,"('6', '3', '1')","('6', '4', '0')"
70,bpic2015_2_f2,embeddings,LSTM,0.939869466895472,11,17,1,29,11.0,1.0,1.0,13.0,100.0,5.882352941176471,100.0,84.61538461538461,7.6923076923076925,7.6923076923076925,44.827586206896555,1.1633270127607236,1.1411195954833528,1.491313483318813,0.14701891037875553,/,/
71,bpic2015_2_f2,embeddings,CNN,0.9297748232643303,11,17,1,29,11.0,1.0,1.0,13.0,100.0,5.882352941176471,100.0,84.61538461538461,7.6923076923076925,7.6923076923076925,44.827586206896555,1.518645689198654,1.0189788004578144,3.053519875638463,-0.5587604373288029,/,/
72,bpic2015_3_f2,agg,LR,0.9584984546579983,87,34,314,435,63.0,33.0,160.0,256.0,72.41379310344827,97.05882352941177,50.955414012738856,24.609375,12.890625,62.5,58.85057471264368,0.05975500448162533,0.009959167413604222,1.3046509311821533,1,/,/
73,bpic2015_3_f2,index,LR,0.8982498926368778,1700,34,3083,4817,823.0,33.0,1743.9999999999998,2600.0,48.411764705882355,97.05882352941177,56.568277651638006,31.653846153846153,1.2692307692307692,67.07692307692307,53.97550342536849,18.802908076884773,6.104969624539389,5.676725425754407,1,/,/
74,bpic2015_3_f2,agg,LLM,0.9564378425289526,87,34,314,435,86.0,33.5,307.5,427.0,98.85057471264368,98.52941176470588,97.92993630573248,20.140515222482435,7.845433255269321,72.01405152224824,98.16091954022988,1.2548550941141319,0.0,92.73976695548252,1,/,/
75,bpic2015_3_f2,index,LLM,0.9052825154133475,1700,34,3083,4817,439.75,11.5,804.5,1255.75,25.86764705882353,33.8235294117647,26.09471294193967,35.018913000199085,0.9157873780609198,64.06529962174,26.06913016400249,12.887162633203864,0.0,98.04800318693357,1,/,/
76,bpic2015_3_f2,agg,GLRM,0.9378324848021073,87,34,314,435,0.0,0.0,8.0,8.0,0.0,0.0,2.5477707006369426,0.0,0.0,100.0,1.839080459770115,0.0,0.0,89.52295588088836,1,/,/
77,bpic2015_3_f2,index,GLRM,0.5360883727039748,1700,34,3083,4817,0.9999999999999999,0.0,2.0,3.0,0.05823529411764706,0.0,0.06487187804086929,33.33333333333333,0.0,66.66666666666667,0.062279427029271334,0.4382033661985858,82.98974205756399,97.31102479832686,1,/,/
78,bpic2015_3_f2,agg,XGB,0.9492602300974377,87,34,314,435,62.0,21.0,74.0,157.0,71.26436781609195,61.76470588235294,23.56687898089172,39.49044585987261,13.375796178343949,47.13375796178344,36.0919540229885,16.88078876605916,3.0773827308037047,87.720346579026,0.874730255269137,"('2', '4', '4')","('1', '5', '4')"
79,bpic2015_3_f2,index,XGB,0.8679933723178215,1700,34,3083,4817,376.0,21.0,146.0,543.0,22.11764705882353,61.76470588235294,4.735647096983458,69.24493554327809,3.867403314917127,26.887661141804788,11.27257629229811,27.776117916542177,6.742356339010058,46.34996514291405,0.7832505351187717,"('5', '5', '0')","('0', '3', '7')"
80,bpic2015_3_f2,agg,RF,0.9585520321346204,87,34,314,435,84.0,33.0,275.0,392.0,96.55172413793103,97.05882352941177,87.57961783439491,21.428571428571427,8.418367346938776,70.15306122448979,90.11494252873563,14.022507718354746,5.37795040334628,81.89423364206753,0.43443679998972917,"('0', '1', '9')","('2', '7', '1')"
81,bpic2015_3_f2,index,RF,0.8953603778765562,1700,34,3083,4817,1317.0,33.0,1867.0,3217.0,77.47058823529412,97.05882352941177,60.55789815115148,40.93876282250544,1.0258004351880634,58.035436742306494,66.78430558438862,12.75769345682701,85.08116721442087,85.08116721442087,0.17161575441422686,"('4', '1', '5')","('3', '7', '0')"
82,bpic2015_3_f2,embeddings,LSTM,0.9387624794667379,11,18,1,30,11.0,1.0,1.0,13.0,100.0,5.555555555555555,100.0,84.61538461538461,7.6923076923076925,7.6923076923076925,43.333333333333336,3.738541132417454,1.3832801366350143,3.723602902000229,0.6486062941144165,/,/
83,bpic2015_3_f2,embeddings,CNN,0.9455536783344654,11,18,1,30,11.0,1.0,1.0,13.0,100.0,5.555555555555555,100.0,84.61538461538461,7.6923076923076925,7.6923076923076925,43.333333333333336,2.6724494216415122,1.0392028960249369,2.898514641955514,-0.5211818576580031,/,/
84,bpic2015_4_f2,agg,LR,0.9377337784784692,67,23,261,351,4.0,5.0,11.0,20.0,5.970149253731344,21.73913043478261,4.21455938697318,20.0,25.0,55.0,5.698005698005698,0.0,0.0,0.0,1,/,/
85,bpic2015_4_f2,index,LR,0.9377834598552395,1175,23,2148,3346,34.0,5.0,44.0,83.0,2.893617021276596,21.73913043478261,2.0484171322160147,40.963855421686745,6.024096385542169,53.01204819277108,2.4805738194859535,30.982367758186395,0.0,19.042821158690177,1,/,/
86,bpic2015_4_f2,agg,LLM,0.9370724641521267,67,23,261,351,66.0,23.0,247.5,336.5,98.50746268656717,100.0,94.82758620689656,19.61367013372957,6.8350668647845465,73.55126300148588,95.86894586894587,13.92947103274559,5.113350125944584,95.59193954659949,1,/,/
87,bpic2015_4_f2,index,LLM,0.9433737187724947,1175,23,2148,3346,790.3333333333333,17.0,1449.3333333333335,2256.666666666667,67.26212765957447,73.91304347826087,67.47361887026692,35.02215657311668,0.7533234859675035,64.2245199409158,67.44371388722854,16.32241813602015,0.0,99.57178841309823,1,/,/
88,bpic2015_4_f2,agg,GLRM,0.9133090336199396,67,23,261,351,0.0,1.0,8.0,9.0,0.0,4.3478260869565215,3.0651340996168583,0.0,11.11111111111111,88.88888888888889,2.5641025641025643,0.0,0.0,97.22921914357683,1,/,/
89,bpic2015_4_f2,index,GLRM,0.5906778968658779,1175,23,2148,3346,0.0,0.0,4.0,4.0,0.0,0.0,0.186219739292365,0.0,0.0,100.0,0.1195457262402869,95.86901763224182,0.0,98.41309823677582,1,/,/
90,bpic2015_4_f2,agg,XGB,0.9304825055311934,67,23,261,351,56.0,15.0,51.0,122.0,83.58208955223881,65.21739130434783,19.54022988505747,45.90163934426229,12.295081967213115,41.80327868852459,34.75783475783476,22.972292191435766,8.916876574307304,90.05037783375315,0.8756751989718856,"('4', '3', '3')","('2', '5', '3')"
91,bpic2015_4_f2,index,XGB,0.8187590254501133,1175,23,2148,3346,304.0,14.0,90.0,408.0,25.872340425531913,60.869565217391305,4.189944134078212,74.50980392156863,3.4313725490196076,22.058823529411764,12.193664076509265,26.90176322418136,23.85390428211587,33.95465994962217,0.6877064997919782,"('5', '4', '1')","('3', '5', '2')"
92,bpic2015_4_f2,agg,RF,0.9397544304747772,67,23,261,351,65.0,23.0,219.0,307.0,97.01492537313433,100.0,83.9080459770115,21.172638436482085,7.49185667752443,71.33550488599349,87.46438746438747,5.314861460957179,3.9042821158690177,90.65491183879092,0.36855972896492306,"('1', '3', '6')","('3', '5', '2')"
93,bpic2015_4_f2,index,RF,0.8450459939145833,1175,23,2148,3346,923.0,23.0,1166.0,2112.0,78.55319148936171,100.0,54.283054003724395,43.702651515151516,1.0890151515151516,55.208333333333336,63.12014345487149,4.20654911838791,88.51385390428212,89.82367758186398,0.17437541378132215,"('3', '5', '2')","('4', '6', '0')"
94,bpic2015_4_f2,embeddings,LSTM,0.8792438936067798,11,15,1,27,11.0,15.0,1.0,27.0,100.0,100.0,100.0,40.74074074074074,55.55555555555556,3.7037037037037037,100.0,4.218893304799756,0.707136495952574,3.3004133824252655,0.4769312323459101,/,/
95,bpic2015_4_f2,embeddings,CNN,0.8463898751562202,11,15,1,27,11.0,15.0,1.0,27.0,100.0,100.0,100.0,40.74074074074074,55.55555555555556,3.7037037037037037,100.0,1.2481224994350884,1.2295136442784416,1.147103000013292,-0.3756575731426026,/,/
96,bpic2015_5_f2,agg,LR,0.9385871298156376,78,25,246,349,54.0,23.0,114.0,191.0,69.23076923076923,92.0,46.34146341463415,28.272251308900522,12.041884816753926,59.68586387434555,54.72779369627507,31.393165602703714,36.18725747903367,1.6522718738265114,1,/,/
97,bpic2015_5_f2,index,LR,0.9148390149294038,1419,25,2537,3981,79.0,14.000000000000002,135.0,228.0,5.567300916138126,56.00000000000001,5.321245565628695,34.64912280701754,6.140350877192984,59.21052631578947,5.7272042200452145,11.115283514832894,19.72712479659532,2.415821754913005,1,/,/
98,bpic2015_5_f2,agg,LLM,0.9389247704107345,78,25,246,349,75.66666666666667,24.0,199.66666666666666,299.3333333333333,97.0,96.0,81.16531165311652,25.278396436525615,8.017817371937639,66.70378619153675,85.76886341929321,19.927400175240955,16.660408061083988,72.87520340468143,1,/,/
99,bpic2015_5_f2,index,LLM,0.9058744629921818,1419,25,2537,3981,726.4999999999999,16.25,1297.5,2040.25,51.197322057787176,65.0,51.14308238076468,35.60838132581791,0.7964710207082465,63.59514765347384,51.249686008540564,18.50043810239079,18.36274877957191,2.127925898109901,1,/,/
100,bpic2015_5_f2,agg,GLRM,0.9042644300347831,78,25,246,349,0.0,0.0,6.0,6.0,0.0,0.0,2.4390243902439024,0.0,0.0,100.0,1.7191977077363896,0.0,0.0,95.94442358242583,1,/,/
101,bpic2015_5_f2,index,GLRM,0.7754262940327394,1419,25,2537,3981,8.0,2.0,10.999999999999998,21.0,0.5637773079633545,8.0,0.4335829720141899,38.095238095238095,9.523809523809524,52.38095238095237,0.5275056518462697,64.50118913506071,34.209538114908,33.57116034547503,1,/,/
102,bpic2015_5_f2,agg,XGB,0.9411635312023967,78,25,246,349,69.0,19.0,57.0,145.0,88.46153846153847,76.0,23.170731707317074,47.58620689655172,13.10344827586207,39.310344827586206,41.54727793696275,24.571285517586684,8.499186381274253,88.3339591938916,0.8811179776844166,"('4', '2', '4')","('1', '5', '4')"
103,bpic2015_5_f2,index,XGB,0.8318486444613631,1419,25,2537,3981,388.99999999999994,19.0,152.0,560.0,27.412966878083157,76.0,5.991328340559717,69.46428571428571,3.392857142857143,27.142857142857142,14.066817382567194,52.55976968331456,21.2291901364376,23.407184879208913,0.764692198046259,"('5', '4', '1')","('2', '2', '6')"
104,bpic2015_5_f2,agg,RF,0.9496283180062517,78,25,246,349,76.0,24.0,220.0,320.0,97.43589743589743,96.0,89.4308943089431,23.75,7.5,68.75,91.69054441260745,21.304293403429718,16.510201527099763,86.25610214044312,0.40913687317268893,"('2', '1', '7')","('3', '5', '2')"
105,bpic2015_5_f2,index,RF,0.8921878952082769,1419,25,2537,3981,1251.0,24.0,1788.0,3063.0,88.16067653276956,96.0,70.47694126921562,40.842311459353574,0.7835455435847208,58.3741429970617,76.94046721929163,20.703467267492805,81.1866316184754,81.1866316184754,0.19628100129271087,"('4', '3', '3')","('4', '6', '0')"
106,bpic2015_5_f2,embeddings,LSTM,0.9142670623794367,11,18,1,30,11.0,1.0,1.0,13.0,100.0,5.555555555555555,100.0,84.61538461538461,7.6923076923076925,7.6923076923076925,43.333333333333336,1.5251852546665416,1.5645811837538695,1.496419973110715,0.10381812314668157,/,/
107,bpic2015_5_f2,embeddings,CNN,0.9343002590823022,11,18,1,30,11.0,1.0,1.0,13.0,100.0,5.555555555555555,100.0,84.61538461538461,7.6923076923076925,7.6923076923076925,43.333333333333336,1.461401369477535,3.3236406841134354,2.040458993840478,-0.5203550215277006,/,/
108,sepsis_cases_1,agg,LR,0.5564632108967353,79,183,15,277,76.0,183.0,15.0,274.0,96.20253164556962,100.0,100.0,27.73722627737226,66.78832116788321,5.474452554744525,98.91696750902527,37.705575611712796,0.08022462896109105,0.20056157240272765,1,/,/
109,sepsis_cases_1,index,LR,0.4872957775482346,610,183,233,1026,607.0,183.0,233.0,1023.0,99.50819672131148,100.0,100.0,59.33528836754643,17.88856304985337,22.776148582600197,99.70760233918129,55.836341756919374,4.773365423184918,1.9253910950661854,1,/,/
110,sepsis_cases_1,agg,LLM,0.4840707317964269,79,183,15,277,74.75,131.25,14.25,220.25,94.62025316455696,71.72131147540983,95.0,33.938706015891036,59.59137343927355,6.469920544835414,79.51263537906136,50.5816285599679,47.33253108704372,0.04011231448054552,1,/,/
111,sepsis_cases_1,index,LLM,0.49293711658988776,610,183,233,1026,503.49999999999994,134.0,182.0,819.5,82.53934426229509,73.22404371584699,78.11158798283262,61.439902379499685,16.35143380109823,22.208663819402073,79.87329434697855,33.97513036502206,11.512234255916566,0.601684717208183,1,/,/
112,sepsis_cases_1,agg,GLRM,0.492077713306386,79,183,15,277,3.0,10.0,0.0,13.0,3.7974683544303796,5.46448087431694,0.0,23.076923076923077,76.92307692307692,0.0,4.693140794223827,0.0,0.0,0.0,1,/,/
113,sepsis_cases_1,index,GLRM,0.4501786894556614,610,183,233,1026,9.0,5.0,0.0,14.0,1.4754098360655739,2.73224043715847,0.0,64.28571428571429,35.714285714285715,0.0,1.364522417153996,4.853590052146009,0.0,0.0,1,/,/
114,sepsis_cases_1,agg,XGB,0.3726140141689446,79,183,15,277,67.0,66.0,10.0,143.0,84.81012658227849,36.0655737704918,66.66666666666667,46.85314685314685,46.15384615384615,6.993006993006993,51.624548736462096,8.263136782992378,11.592458884877658,1.88527878058564,0.5977315790326363,"('7', '3', '0')","('5', '5', '0')"
115,sepsis_cases_1,index,XGB,0.391579010299554,610,183,233,1026,117.0,83.0,18.0,218.0,19.18032786885246,45.3551912568306,7.725321888412017,53.669724770642205,38.07339449541284,8.256880733944953,21.24756335282651,21.25952667468913,8.864821500200563,4.0914560770156445,0.24872622352888063,"('7', '3', '0')","('5', '5', '0')"
116,sepsis_cases_1,agg,RF,0.32055742474616467,79,183,15,277,76.0,181.0,14.0,271.0,96.20253164556962,98.90710382513662,93.33333333333333,28.04428044280443,66.78966789667896,5.166051660516605,97.83393501805054,9.346169273967107,2.9683112715603692,0.9225832330525472,-0.15724373933832803,"('5', '5', '0')","('1', '9', '0')"
117,sepsis_cases_1,index,RF,0.41341947847921323,610,183,233,1026,468.0,183.0,157.0,808.0,76.72131147540983,100.0,67.38197424892704,57.92079207920792,22.64851485148515,19.43069306930693,78.75243664717348,7.139991977537104,7.781789009225832,2.0056157240272765,0.16853855156489025,"('7', '3', '0')","('4', '6', '0')"
118,sepsis_cases_1,embeddings,LSTM,0.5230585789206228,12,24,1,37,12.0,24.0,1.0,37.0,100.0,100.0,100.0,32.432432432432435,64.86486486486487,2.7027027027027026,100.0,1.041399914639351,1.041399914639351,1.041399914639351,0.20574625405902813,/,/
119,sepsis_cases_1,embeddings,CNN,0.4887837492236309,12,24,1,37,12.0,24.0,1.0,37.0,100.0,100.0,100.0,32.432432432432435,64.86486486486487,2.7027027027027026,100.0,4.950917626973965,1.5962441314553992,1.6090482287665389,-0.23541423676625026,/,/
120,sepsis_cases_2,agg,LR,0.9279114502853901,78,183,15,276,21.0,64.0,4.0,89.0,26.923076923076923,34.97267759562842,26.666666666666668,23.59550561797753,71.91011235955057,4.49438202247191,32.2463768115942,36.36363636363637,7.584722969338353,0.0,1,/,/
121,sepsis_cases_2,index,LR,0.926274794235439,311,183,118,612,69.0,82.0,24.0,175.0,22.186495176848876,44.80874316939891,20.338983050847457,39.42857142857143,46.857142857142854,13.714285714285714,28.594771241830067,34.480903711672944,6.777837547068316,0.0,1,/,/
122,sepsis_cases_2,agg,LLM,0.8947809908233736,78,183,15,276,72.5,120.49999999999999,13.5,206.5,92.94871794871794,65.84699453551912,90.0,35.1089588377724,58.353510895883765,6.5375302663438255,74.81884057971014,25.121032813340506,15.976331360946746,0.05379236148466917,1,/,/
123,sepsis_cases_2,index,LLM,0.8817981142190405,311,183,118,612,256.0,127.66666666666666,89.33333333333333,472.99999999999994,82.31511254019293,69.76320582877959,75.70621468926552,54.12262156448204,26.9908386187456,18.886539816772373,77.28758169934639,35.93329747175901,30.554061323292093,0.37654653039268426,1,/,/
124,sepsis_cases_2,agg,GLRM,0.7304216202579547,78,183,15,276,0.0,5.0,0.0,5.0,0.0,2.73224043715847,0.0,0.0,100.0,0.0,1.8115942028985508,0.0,100.0,0.0,1,/,/
125,sepsis_cases_2,index,GLRM,0.7304216202579547,311,183,118,612,0.0,6.0,0.0,6.0,0.0,3.278688524590164,0.0,0.0,100.0,0.0,0.9803921568627451,0.0,100.0,0.0,1,/,/
126,sepsis_cases_2,agg,XGB,0.8492195137334049,78,183,15,276,52.0,59.00000000000001,7.0,118.0,66.66666666666667,32.24043715846995,46.666666666666664,44.067796610169495,50.00000000000001,5.932203389830509,42.7536231884058,96.23453469607315,2.205486820871436,0.21516944593867668,0.38955702059415526,"('7', '3', '0')","('4', '6', '0')"
127,sepsis_cases_2,index,XGB,0.8679038819337138,311,183,118,612,111.0,50.99999999999999,11.0,173.0,35.69131832797428,27.868852459016388,9.322033898305085,64.16184971098266,29.479768786127163,6.358381502890174,28.26797385620915,97.36417428725122,1.9365250134480902,0.43033889187735336,0.6458499263704965,"('7', '3', '0')","('5', '5', '0')"
128,sepsis_cases_2,agg,RF,0.8269859039450034,78,183,15,276,75.0,181.0,12.0,268.0,96.15384615384616,98.90710382513662,80.0,27.98507462686567,67.53731343283582,4.477611940298507,97.10144927536231,66.11081226465842,4.142011834319527,0.37654653039268426,0.011079268979258068,"('2', '8', '0')","('0', '10', '0')"
129,sepsis_cases_2,index,RF,0.8197313235154994,311,183,118,612,236.0,183.0,93.0,512.0,75.88424437299035,100.0,78.8135593220339,46.09375,35.7421875,18.1640625,83.66013071895425,53.4158149542765,4.249596557288865,0.6455083378160301,0.2814087768278884,"('1', '9', '0')","('1', '9', '0')"
130,sepsis_cases_2,embeddings,LSTM,0.8025290908517548,12,24,1,37,12.0,24.0,1.0,37.0,100.0,100.0,100.0,32.432432432432435,64.86486486486487,2.7027027027027026,100.0,1.4498689384010486,1.4498689384010486,1.4498689384010486,0.24204732233087312,/,/
131,sepsis_cases_2,embeddings,CNN,0.8504272965217118,12,24,1,37,12.0,24.0,1.0,37.0,100.0,100.0,100.0,32.432432432432435,64.86486486486487,2.7027027027027026,100.0,1.3188073394495414,1.3188073394495414,1.3188073394495414,-0.44309011571680496,/,/
132,sepsis_cases_4,agg,LR,0.7377056449539869,80,183,15,278,3.0,14.0,0.0,17.0,3.75,7.6502732240437155,0.0,17.647058823529413,82.3529411764706,0.0,6.115107913669065,0.0,0.0,0.0,1,/,/
133,sepsis_cases_4,index,LR,0.7236883707778521,502,183,178,863,8.0,14.999999999999998,0.0,23.0,1.593625498007968,8.19672131147541,0.0,34.78260869565217,65.21739130434781,0.0,2.6651216685979144,0.0,0.0,0.0,1,/,/
134,sepsis_cases_4,agg,LLM,0.640009511079122,80,183,15,278,76.5,143.0,14.5,234.0,95.625,78.14207650273224,96.66666666666667,32.69230769230769,61.111111111111114,6.196581196581197,84.1726618705036,0.9738822487826472,0.0,0.0,1,/,/
135,sepsis_cases_4,index,LLM,0.6147897280345483,502,183,178,863,431.5,143.0,151.5,726.0,85.95617529880478,78.14207650273224,85.11235955056179,59.43526170798898,19.696969696969695,20.867768595041323,84.12514484356895,6.994245241257194,2.7445772465692784,0.08853474988933156,1,/,/
136,sepsis_cases_4,agg,GLRM,0.7032292684180762,80,183,15,278,4.0,2.0,0.0,6.0,5.0,1.092896174863388,0.0,66.66666666666667,33.333333333333336,0.0,2.158273381294964,23.860115095174855,8.543603364320496,0.0,1,/,/
137,sepsis_cases_4,index,GLRM,0.6529220862680581,502,183,178,863,15.0,65.0,0.0,80.0,2.9880478087649402,35.51912568306011,0.0,18.75,81.25,0.0,9.269988412514484,30.765825586542718,18.59229747675963,0.0,1,/,/
138,sepsis_cases_4,agg,XGB,0.7178531952084725,80,183,15,278,61.0,84.0,6.0,151.0,76.25,45.90163934426229,40.0,40.397350993377486,55.629139072847686,3.9735099337748343,54.31654676258993,84.94909251881363,11.022576361221779,0.3098716246126605,0.3619998589452334,"('7', '3', '0')","('2', '8', '0')"
139,sepsis_cases_4,index,XGB,0.6938383630661663,502,183,178,863,105.0,83.0,15.0,203.0,20.916334661354583,45.3551912568306,8.426966292134832,51.724137931034484,40.88669950738916,7.389162561576355,23.522595596755504,91.01372288623286,7.436918990703852,3.6741921204072594,0.33321584910243135,"('6', '4', '0')","('4', '6', '0')"
140,sepsis_cases_4,agg,RF,0.7438402909876098,80,183,15,278,77.0,183.0,14.0,274.0,96.25,100.0,93.33333333333333,28.1021897810219,66.78832116788321,5.109489051094891,98.56115107913669,60.513501549358125,90.48251438689687,7.923860115095175,0.012146723639282542,"('8', '2', '0')","('0', '10', '0')"
141,sepsis_cases_4,index,RF,0.7292787003238909,502,183,178,863,426.0,183.0,152.0,761.0,84.86055776892431,100.0,85.3932584269663,55.97897503285151,24.0473061760841,19.97371879106439,88.18076477404404,63.83355467020806,28.286852589641438,1.1952191235059761,0.22064308947140188,"('7', '3', '0')","('4', '6', '0')"
142,sepsis_cases_4,embeddings,LSTM,0.672489846280397,12,24,1,37,12.0,24.0,1.0,37.0,100.0,100.0,100.0,32.432432432432435,64.86486486486487,2.7027027027027026,100.0,2.004572765459669,2.004572765459669,2.004572765459669,0.24892161100693672,/,/
143,sepsis_cases_4,embeddings,CNN,0.6370559354274845,12,24,1,37,12.0,23.0,1.0,36.0,100.0,95.83333333333333,100.0,33.333333333333336,63.888888888888886,2.7777777777777777,97.29729729729729,10.139841548359653,8.098048598925931,8.092731429786781,-0.49603419867806725,/,/
144,production,agg,LR,0.6564349112426036,107,35,26,168,31.999999999999996,25.0,12.0,69.0,29.897196261682243,71.42857142857143,46.15384615384615,46.37681159420289,36.231884057971016,17.391304347826086,41.07142857142857,0.0,0.0,0.0,1,/,/
145,production,index,LR,0.7303994082840237,1135,35,441,1611,169.00000000000003,22.0,68.0,259.0,14.889867841409691,62.857142857142854,15.419501133786849,65.25096525096527,8.494208494208495,26.254826254826256,16.07697082557418,3.4965034965034967,1.3986013986013985,0.0,1,/,/
146,production,agg,LLM,0.5683643279797126,107,35,26,168,102.0,25.0,24.0,151.0,95.32710280373831,71.42857142857143,92.3076923076923,67.54966887417218,16.556291390728475,15.894039735099337,89.88095238095238,18.181818181818183,29.02097902097902,0.0,1,/,/
147,production,index,LLM,0.5719568892645817,1135,35,441,1611,895.5,24.5,319.0,1239.0,78.89867841409692,70.0,72.33560090702947,72.27602905569007,1.9774011299435028,25.746569814366424,76.90875232774674,12.937062937062937,16.083916083916083,0.0,1,/,/
148,production,agg,GLRM,0.551669484361792,107,35,26,168,5.0,2.0,10.0,17.0,4.672897196261682,5.714285714285714,38.46153846153846,29.41176470588235,11.764705882352942,58.8235294117647,10.119047619047619,9.090909090909092,26.223776223776223,62.23776223776224,1,/,/
149,production,index,GLRM,0.665469146238377,1135,35,441,1611,9.0,2.0,6.0,17.0,0.7929515418502202,5.714285714285714,1.3605442176870748,52.94117647058823,11.764705882352942,35.294117647058826,1.0552451893234016,40.909090909090914,31.46853146853147,0.0,1,/,/
150,production,agg,XGB,0.7409657650042266,107,35,26,168,80.0,7.0,14.999999999999998,102.0,74.76635514018692,20.0,57.692307692307686,78.43137254901961,6.862745098039215,14.705882352941174,60.714285714285715,37.06293706293706,31.11888111888112,28.321678321678323,0.8815184511682337,"('8', '2', '0')","('6', '3', '1')"
151,production,index,XGB,0.6973795435333897,1135,35,441,1611,93.0,10.0,21.0,124.0,8.193832599118943,28.571428571428573,4.761904761904762,75.0,8.064516129032258,16.93548387096774,7.697082557417753,33.21678321678322,36.36363636363637,20.97902097902098,0.26315389741992834,"('7', '2', '1')","('6', '3', '1')"
152,production,agg,RF,0.712964919695689,107,35,26,168,99.0,34.0,25.0,158.0,92.5233644859813,97.14285714285714,96.15384615384616,62.65822784810127,21.518987341772153,15.822784810126583,94.04761904761905,16.433566433566433,34.26573426573427,23.776223776223777,0.21321508004052941,"('6', '2', '2')","('7', '3', '0')"
153,production,index,RF,0.717032967032967,1135,35,441,1611,760.0,34.0,286.0,1080.0,66.96035242290749,97.14285714285714,64.85260770975057,70.37037037037037,3.1481481481481484,26.48148148148148,67.0391061452514,10.13986013986014,35.31468531468531,26.223776223776223,0.12656800988924025,"('7', '2', '1')","('8', '2', '0')"
154,production,embeddings,LSTM,0.6517328825021134,14,3,1,18,14.0,3.0,1.0,18.0,100.0,100.0,100.0,77.77777777777777,16.666666666666668,5.555555555555555,100.0,4.891304347826087,5.0271739130434785,4.891304347826087,0.7043400463791091,/,/
155,production,embeddings,CNN,0.6317624683009299,14,3,1,18,14.0,3.0,1.0,18.0,100.0,100.0,100.0,77.77777777777777,16.666666666666668,5.555555555555555,100.0,11.888586956521738,13.519021739130435,12.160326086956522,0.4179330118130839,/,/
